symbol,delta,gamma,vega,theta,iv,underlying_close,volume,direction
AAPL,0.42,0.133,0.094,-0.014,0.224,136.82,2649,0
TSLA,0.59,0.137,0.173,-0.097,0.178,986.93,2316,0
AMZN,0.83,0.011,0.247,-0.075,0.177,105.4,4094,1
MSFT,0.21,0.036,0.078,-0.022,0.229,929.17,2944,0
NVDA,0.31,0.041,0.145,-0.087,0.244,308.46,3119,1
AMZN,0.51,0.046,0.186,-0.094,0.175,623.22,3992,0
MSFT,0.23,0.067,0.296,-0.039,0.174,273.37,2068,0
AAPL,0.66,0.092,0.11,-0.02,0.257,180.43,3144,1
TSLA,0.35,0.02,0.143,-0.037,0.32,993.9,515,1
TSLA,0.28,0.088,0.074,-0.063,0.367,592.91,4511,1
MSFT,0.6,0.066,0.221,-0.048,0.311,385.91,1122,1
AAPL,0.49,0.042,0.096,-0.053,0.304,792.16,4496,1
NVDA,0.73,0.139,0.231,-0.031,0.286,697.54,1048,1
TSLA,0.48,0.148,0.153,-0.029,0.159,161.44,4254,1
AMZN,0.27,0.011,0.111,-0.086,0.478,237.29,2460,1
TSLA,0.57,0.104,0.231,-0.079,0.496,934.81,992,1
NVDA,0.53,0.124,0.297,-0.059,0.378,367.89,4467,0
AMZN,0.24,0.114,0.162,-0.027,0.27,921.13,1355,1
MSFT,0.46,0.019,0.214,-0.079,0.407,554.05,3746,0
AAPL,0.58,0.07,0.076,-0.055,0.2,542.22,1592,0
NVDA,0.68,0.088,0.184,-0.046,0.254,196.11,1913,0
AMZN,0.57,0.016,0.152,-0.07,0.163,748.58,737,1
NVDA,0.22,0.073,0.259,-0.046,0.323,532.53,1431,0
TSLA,0.38,0.097,0.195,-0.068,0.16,591.81,1911,0
TSLA,0.69,0.143,0.088,-0.067,0.337,657.56,2962,1
AAPL,0.55,0.09,0.058,-0.018,0.447,929.59,3663,0
NVDA,0.45,0.036,0.063,-0.026,0.499,935.47,941,1
AAPL,0.27,0.023,0.178,-0.021,0.362,578.2,3592,1
TSLA,0.34,0.117,0.273,-0.048,0.199,494.03,2695,0
AAPL,0.21,0.075,0.246,-0.019,0.416,934.79,1272,1
NVDA,0.9,0.08,0.125,-0.026,0.24,697.31,4390,0
AAPL,0.46,0.023,0.184,-0.093,0.405,426.32,756,0
AAPL,0.62,0.016,0.065,-0.09,0.178,253.42,2940,0
AMZN,0.45,0.07,0.201,-0.046,0.196,675.38,2988,1
AMZN,0.61,0.115,0.07,-0.069,0.269,327.55,3916,1
TSLA,0.43,0.133,0.23,-0.097,0.242,911.17,3172,1
MSFT,0.23,0.02,0.159,-0.052,0.452,183.16,981,1
MSFT,0.53,0.145,0.08,-0.031,0.257,321.74,3923,0
AAPL,0.51,0.092,0.243,-0.021,0.44,291.07,4303,1
AAPL,0.21,0.121,0.244,-0.037,0.215,234.42,2481,0
TSLA,0.73,0.113,0.15,-0.034,0.353,625.23,3872,1
MSFT,0.8,0.025,0.285,-0.063,0.376,800.82,2313,0
AAPL,0.8,0.075,0.059,-0.01,0.338,572.18,4992,0
AAPL,0.47,0.097,0.144,-0.043,0.37,292.91,4717,0
NVDA,0.42,0.065,0.268,-0.056,0.332,795.07,2232,0
AMZN,0.58,0.124,0.077,-0.033,0.161,867.8,1892,1
TSLA,0.42,0.084,0.155,-0.033,0.321,207.93,3113,0
TSLA,0.78,0.074,0.054,-0.037,0.376,254.66,1289,1
TSLA,0.22,0.02,0.249,-0.013,0.334,781.13,4502,0
NVDA,0.34,0.038,0.105,-0.018,0.414,596.79,1622,1
AAPL,0.73,0.026,0.25,-0.054,0.331,395.62,4358,1
AAPL,0.49,0.1,0.252,-0.03,0.443,965.17,1566,1
NVDA,0.59,0.04,0.234,-0.053,0.454,114.01,3472,0
AMZN,0.89,0.075,0.101,-0.04,0.306,474.06,2103,0
MSFT,0.73,0.086,0.279,-0.037,0.28,140.32,4180,0
TSLA,0.23,0.077,0.241,-0.091,0.421,522.94,1139,1
TSLA,0.25,0.04,0.203,-0.095,0.364,397.76,2112,1
TSLA,0.33,0.122,0.168,-0.042,0.177,222.89,738,0
AMZN,0.62,0.143,0.139,-0.023,0.23,481.08,762,0
MSFT,0.69,0.078,0.19,-0.033,0.351,888.89,1835,0
AMZN,0.44,0.14,0.254,-0.087,0.291,656.07,3907,0
AAPL,0.44,0.127,0.1,-0.063,0.2,377.1,786,0
TSLA,0.47,0.047,0.235,-0.084,0.274,829.92,4807,0
TSLA,0.67,0.145,0.248,-0.034,0.418,848.36,2895,0
MSFT,0.42,0.062,0.075,-0.096,0.165,386.59,4806,0
NVDA,0.47,0.081,0.156,-0.024,0.426,361.63,4075,1
NVDA,0.71,0.014,0.054,-0.074,0.413,310.15,645,0
TSLA,0.76,0.035,0.233,-0.016,0.346,739.89,3936,1
NVDA,0.22,0.026,0.077,-0.014,0.233,422.12,2400,0
MSFT,0.72,0.097,0.085,-0.088,0.483,921.12,2623,0
AMZN,0.59,0.106,0.208,-0.088,0.391,668.37,1389,1
NVDA,0.47,0.029,0.075,-0.039,0.399,771.96,762,1
AAPL,0.56,0.144,0.136,-0.097,0.374,178.39,2116,0
AMZN,0.56,0.125,0.093,-0.072,0.172,474.72,882,0
NVDA,0.37,0.052,0.246,-0.096,0.422,452.15,1635,0
NVDA,0.38,0.062,0.22,-0.088,0.422,242.91,1604,0
TSLA,0.42,0.084,0.058,-0.037,0.181,395.2,3500,0
TSLA,0.51,0.127,0.268,-0.089,0.249,498.67,1780,0
AAPL,0.1,0.131,0.064,-0.042,0.154,715.16,896,1
TSLA,0.13,0.049,0.196,-0.061,0.261,703.12,1204,0
TSLA,0.38,0.043,0.125,-0.047,0.38,890.88,2119,0
NVDA,0.4,0.02,0.112,-0.021,0.485,805.04,4506,0
TSLA,0.33,0.119,0.165,-0.08,0.317,620.04,746,1
AAPL,0.28,0.138,0.108,-0.034,0.349,546.49,1224,0
MSFT,0.71,0.106,0.182,-0.023,0.474,400.05,2694,1
TSLA,0.4,0.03,0.052,-0.039,0.352,358.62,873,1
AMZN,0.68,0.13,0.062,-0.065,0.216,415.89,1158,0
TSLA,0.38,0.141,0.086,-0.025,0.406,390.76,4987,1
NVDA,0.02,0.068,0.15,-0.021,0.348,251.0,1866,0
NVDA,0.19,0.112,0.269,-0.042,0.363,912.18,966,1
AMZN,0.44,0.124,0.297,-0.028,0.286,521.21,3330,1
TSLA,0.57,0.055,0.109,-0.033,0.155,868.14,4622,0
TSLA,0.57,0.081,0.138,-0.022,0.296,445.97,1921,1
MSFT,0.23,0.145,0.12,-0.062,0.467,194.13,4411,0
MSFT,0.76,0.048,0.081,-0.018,0.191,287.21,3222,0
MSFT,0.39,0.066,0.131,-0.071,0.286,164.48,1028,1
NVDA,0.27,0.147,0.19,-0.071,0.165,119.93,2455,1
MSFT,0.43,0.135,0.161,-0.087,0.211,304.18,690,0
AAPL,0.6,0.071,0.11,-0.059,0.354,119.15,4732,1
NVDA,1.0,0.072,0.254,-0.09,0.457,474.2,3152,1
TSLA,0.62,0.095,0.078,-0.053,0.459,191.58,2318,0
MSFT,0.45,0.013,0.077,-0.017,0.47,260.3,3617,0
AMZN,0.44,0.041,0.181,-0.047,0.493,713.44,2429,1
NVDA,0.31,0.011,0.197,-0.07,0.418,336.04,1807,0
AAPL,0.56,0.047,0.296,-0.082,0.416,608.17,827,0
MSFT,0.55,0.057,0.09,-0.07,0.309,119.23,2649,1
AMZN,0.85,0.025,0.163,-0.043,0.229,836.41,1670,1
NVDA,0.53,0.11,0.16,-0.05,0.442,420.29,3605,0
TSLA,0.05,0.06,0.155,-0.076,0.355,230.14,4132,0
AMZN,0.32,0.108,0.27,-0.012,0.359,200.51,3095,0
AMZN,0.29,0.042,0.182,-0.083,0.298,594.3,4736,0
TSLA,0.68,0.031,0.23,-0.014,0.273,344.7,1812,1
AAPL,0.52,0.096,0.06,-0.042,0.431,527.44,2703,0
AAPL,0.34,0.111,0.224,-0.047,0.188,545.08,2882,1
NVDA,0.58,0.07,0.131,-0.025,0.342,794.98,3051,1
NVDA,0.4,0.119,0.123,-0.05,0.29,640.84,1886,1
AMZN,0.66,0.109,0.133,-0.039,0.344,153.91,2252,0
MSFT,0.57,0.067,0.255,-0.071,0.291,943.49,3217,0
TSLA,0.7,0.023,0.11,-0.054,0.315,939.6,3649,1
AMZN,0.47,0.072,0.268,-0.01,0.353,936.53,4489,0
MSFT,0.6,0.061,0.23,-0.052,0.2,927.28,4231,0
MSFT,0.72,0.044,0.229,-0.064,0.397,128.25,1918,1
TSLA,0.25,0.021,0.224,-0.033,0.493,592.39,598,0
MSFT,0.37,0.055,0.135,-0.043,0.343,531.52,2415,0
TSLA,0.78,0.044,0.232,-0.052,0.428,608.34,3640,1
NVDA,0.79,0.086,0.109,-0.081,0.272,976.17,3643,1
MSFT,0.45,0.039,0.081,-0.072,0.159,215.71,4097,0
TSLA,0.39,0.044,0.217,-0.037,0.184,774.81,1295,1
MSFT,0.46,0.06,0.129,-0.05,0.458,593.26,2123,1
MSFT,0.48,0.131,0.166,-0.076,0.159,577.13,4487,1
NVDA,0.51,0.071,0.225,-0.097,0.195,503.87,2790,1
MSFT,0.54,0.07,0.196,-0.083,0.418,149.65,1271,0
NVDA,0.59,0.041,0.118,-0.017,0.487,251.65,4633,0
AAPL,0.24,0.023,0.275,-0.056,0.309,424.6,4222,0
AMZN,0.55,0.067,0.174,-0.064,0.309,332.52,1105,0
AAPL,0.41,0.133,0.089,-0.093,0.496,211.02,4464,1
NVDA,0.53,0.089,0.214,-0.069,0.478,672.32,4140,0
AAPL,0.39,0.073,0.18,-0.043,0.437,886.98,2081,0
MSFT,0.73,0.146,0.204,-0.018,0.216,459.8,936,0
AMZN,0.55,0.047,0.174,-0.048,0.333,785.46,1924,1
NVDA,0.39,0.013,0.241,-0.016,0.43,182.16,996,1
TSLA,0.52,0.023,0.254,-0.028,0.383,576.16,1033,0
NVDA,0.49,0.076,0.287,-0.041,0.486,741.58,1183,0
MSFT,0.27,0.08,0.211,-0.048,0.225,473.65,3523,0
NVDA,0.26,0.11,0.095,-0.022,0.179,469.04,2559,1
AMZN,0.54,0.129,0.13,-0.034,0.405,316.93,2554,1
NVDA,0.31,0.055,0.159,-0.053,0.196,205.58,2012,0
AMZN,0.4,0.016,0.064,-0.063,0.29,274.96,4141,1
NVDA,0.35,0.049,0.09,-0.022,0.381,719.4,2852,0
MSFT,0.53,0.048,0.278,-0.043,0.355,248.99,2767,1
AMZN,0.44,0.011,0.269,-0.069,0.216,178.26,2830,1
AMZN,0.65,0.019,0.057,-0.036,0.161,604.17,4432,0
NVDA,0.51,0.116,0.168,-0.05,0.284,755.53,1591,1
AAPL,0.56,0.097,0.17,-0.067,0.437,875.41,1714,1
TSLA,0.61,0.137,0.251,-0.06,0.469,103.73,3899,1
NVDA,0.59,0.093,0.228,-0.029,0.162,968.54,1955,1
AMZN,0.33,0.023,0.23,-0.093,0.45,145.13,1870,0
TSLA,0.53,0.071,0.174,-0.093,0.466,831.73,2350,0
NVDA,-0.12,0.08,0.224,-0.097,0.357,334.7,4662,1
TSLA,0.37,0.146,0.21,-0.043,0.491,420.67,3671,1
NVDA,0.41,0.039,0.272,-0.055,0.442,889.07,1628,1
AMZN,0.48,0.135,0.096,-0.074,0.205,859.15,3320,0
AMZN,0.62,0.051,0.135,-0.087,0.497,318.37,3078,1
MSFT,0.36,0.011,0.116,-0.066,0.431,347.56,1109,1
NVDA,0.75,0.037,0.253,-0.03,0.232,923.31,4818,1
TSLA,0.28,0.015,0.154,-0.05,0.193,639.61,1012,1
MSFT,1.0,0.041,0.234,-0.051,0.24,345.33,3423,1
NVDA,0.52,0.046,0.287,-0.099,0.311,907.54,3318,1
AMZN,0.68,0.014,0.108,-0.036,0.426,839.14,4629,0
MSFT,0.64,0.084,0.127,-0.028,0.343,919.41,3559,0
AMZN,0.25,0.101,0.296,-0.016,0.276,195.92,1101,1
NVDA,0.48,0.079,0.295,-0.041,0.493,434.52,1086,1
AMZN,1.0,0.143,0.068,-0.054,0.412,658.74,2109,1
TSLA,0.74,0.04,0.082,-0.093,0.39,422.3,3540,0
MSFT,0.49,0.131,0.196,-0.011,0.35,226.87,3505,0
MSFT,0.8,0.031,0.268,-0.015,0.385,454.15,3060,1
NVDA,0.23,0.089,0.125,-0.028,0.292,400.88,4165,0
AMZN,0.3,0.061,0.259,-0.023,0.252,735.11,1173,0
TSLA,0.16,0.13,0.29,-0.094,0.158,630.91,3065,1
NVDA,0.66,0.052,0.085,-0.086,0.403,907.06,2628,1
TSLA,0.69,0.125,0.298,-0.089,0.253,176.27,4109,0
MSFT,0.52,0.059,0.233,-0.066,0.33,790.09,2547,1
AAPL,0.57,0.133,0.243,-0.018,0.373,662.35,1853,1
NVDA,0.38,0.139,0.275,-0.04,0.247,444.66,3325,0
NVDA,0.12,0.095,0.285,-0.016,0.187,767.92,4594,1
MSFT,0.7,0.126,0.083,-0.09,0.25,694.38,3212,0
AMZN,0.91,0.061,0.208,-0.067,0.453,517.66,2918,1
TSLA,0.37,0.019,0.282,-0.012,0.363,789.66,3956,0
TSLA,0.26,0.131,0.057,-0.077,0.346,882.0,3025,1
NVDA,0.43,0.121,0.276,-0.065,0.408,341.89,3792,0
TSLA,0.71,0.147,0.051,-0.05,0.347,319.61,3723,0
AMZN,0.51,0.146,0.252,-0.067,0.231,660.16,3105,1
MSFT,0.54,0.04,0.283,-0.054,0.26,399.98,4755,0
TSLA,0.11,0.033,0.066,-0.039,0.371,418.98,4748,0
NVDA,0.8,0.118,0.275,-0.085,0.292,190.36,4059,1
AAPL,0.68,0.06,0.169,-0.026,0.369,966.01,1119,1
AMZN,0.32,0.049,0.267,-0.075,0.328,849.45,2752,1
NVDA,0.45,0.045,0.148,-0.017,0.187,118.87,4336,1
NVDA,0.3,0.042,0.228,-0.099,0.374,154.01,2309,1
AAPL,0.58,0.047,0.168,-0.024,0.254,263.55,3046,1
AMZN,0.52,0.041,0.227,-0.075,0.453,822.44,4948,1
MSFT,0.35,0.107,0.084,-0.044,0.269,456.86,4001,0
AAPL,0.75,0.083,0.27,-0.032,0.435,469.57,3851,0
MSFT,0.72,0.064,0.253,-0.041,0.46,602.01,2404,1
MSFT,0.54,0.053,0.125,-0.085,0.374,981.52,1702,1
TSLA,0.69,0.044,0.291,-0.042,0.261,213.86,2943,0
TSLA,-0.02,0.143,0.282,-0.045,0.305,378.0,3211,1
MSFT,0.36,0.134,0.087,-0.077,0.443,486.42,4792,1
AAPL,0.23,0.132,0.296,-0.052,0.192,952.51,4332,1
NVDA,0.59,0.096,0.273,-0.079,0.499,306.04,1011,1
AAPL,0.08,0.058,0.058,-0.04,0.265,831.24,3963,0
AMZN,0.31,0.104,0.076,-0.074,0.246,279.38,1153,0
AMZN,0.45,0.048,0.159,-0.078,0.246,621.4,3535,1
AMZN,0.81,0.112,0.051,-0.074,0.382,514.01,2326,1
AMZN,0.11,0.119,0.277,-0.018,0.418,285.66,3478,0
AAPL,0.68,0.119,0.119,-0.066,0.311,172.71,1807,0
AMZN,0.44,0.028,0.063,-0.07,0.216,594.62,2819,1
TSLA,0.73,0.139,0.198,-0.045,0.204,982.96,2125,1
TSLA,0.41,0.129,0.213,-0.095,0.327,973.56,2165,1
AAPL,0.58,0.048,0.263,-0.013,0.396,503.67,4903,1
AAPL,0.34,0.081,0.126,-0.098,0.244,903.58,4108,1
AAPL,0.72,0.041,0.159,-0.065,0.319,185.9,2753,0
NVDA,0.4,0.145,0.198,-0.066,0.337,718.41,2959,1
MSFT,0.69,0.115,0.068,-0.097,0.421,355.8,4131,1
AAPL,0.34,0.125,0.051,-0.022,0.158,192.05,2803,1
TSLA,0.54,0.08,0.077,-0.096,0.3,668.23,2333,0
AAPL,0.27,0.146,0.062,-0.015,0.265,345.26,4473,1
NVDA,0.6,0.084,0.139,-0.024,0.334,971.62,556,1
AAPL,0.36,0.149,0.089,-0.047,0.267,504.06,602,0
TSLA,0.58,0.126,0.052,-0.066,0.191,845.09,943,1
NVDA,0.79,0.036,0.157,-0.046,0.393,858.03,907,0
TSLA,0.52,0.062,0.054,-0.055,0.277,945.84,3092,1
TSLA,0.33,0.041,0.215,-0.012,0.249,755.27,1418,1
NVDA,0.66,0.064,0.14,-0.026,0.341,602.08,1080,0
AAPL,0.67,0.145,0.184,-0.051,0.347,660.45,4598,0
MSFT,0.77,0.079,0.073,-0.093,0.403,301.99,611,0
TSLA,0.34,0.093,0.053,-0.074,0.285,546.71,4082,0
NVDA,0.72,0.138,0.093,-0.09,0.2,536.92,771,1
TSLA,0.44,0.147,0.056,-0.097,0.421,726.74,4906,1
AAPL,0.73,0.047,0.134,-0.049,0.379,853.65,2121,0
AAPL,0.37,0.106,0.204,-0.076,0.223,777.97,4972,1
AMZN,0.39,0.071,0.296,-0.027,0.425,823.22,1419,0
AMZN,0.73,0.114,0.246,-0.029,0.348,954.69,3403,1
TSLA,0.71,0.083,0.073,-0.068,0.213,515.45,688,0
NVDA,0.47,0.119,0.154,-0.078,0.499,735.46,2240,1
AMZN,0.62,0.092,0.087,-0.084,0.318,803.18,3240,1
AMZN,0.3,0.099,0.102,-0.03,0.186,398.08,1037,0
NVDA,0.43,0.119,0.25,-0.048,0.258,160.01,3926,1
AAPL,0.47,0.123,0.293,-0.039,0.321,266.03,4760,1
MSFT,0.68,0.068,0.125,-0.078,0.277,894.2,3054,1
TSLA,0.48,0.148,0.083,-0.077,0.176,121.16,2934,1
AMZN,0.16,0.06,0.255,-0.031,0.326,495.28,4154,1
AAPL,0.56,0.127,0.066,-0.028,0.269,846.99,4836,1
MSFT,0.86,0.015,0.13,-0.013,0.485,944.29,4079,1
AAPL,0.68,0.073,0.069,-0.053,0.392,153.19,1329,1
AAPL,0.65,0.072,0.078,-0.065,0.443,469.75,3444,0
NVDA,0.38,0.105,0.149,-0.022,0.204,688.46,3502,1
AAPL,0.31,0.132,0.137,-0.016,0.267,616.18,554,0
NVDA,0.7,0.077,0.099,-0.027,0.41,546.47,1015,1
NVDA,0.6,0.066,0.152,-0.068,0.16,926.89,1685,1
AAPL,0.59,0.146,0.161,-0.081,0.31,845.7,1491,1
TSLA,0.59,0.097,0.214,-0.085,0.29,843.43,4602,0
AMZN,0.49,0.028,0.223,-0.069,0.366,305.12,1147,1
TSLA,0.6,0.011,0.058,-0.078,0.36,123.6,987,0
AAPL,0.59,0.1,0.244,-0.067,0.484,564.62,684,1
NVDA,0.57,0.133,0.266,-0.018,0.222,229.03,3099,1
AMZN,0.34,0.12,0.13,-0.044,0.159,156.38,4510,0
NVDA,0.4,0.122,0.102,-0.041,0.354,333.14,1776,0
NVDA,0.58,0.092,0.159,-0.055,0.372,706.97,2250,1
TSLA,0.29,0.051,0.064,-0.077,0.489,300.35,1744,0
AAPL,0.43,0.025,0.251,-0.036,0.335,234.0,2337,1
AAPL,0.39,0.062,0.127,-0.057,0.237,943.29,2205,0
AMZN,0.77,0.127,0.164,-0.069,0.16,791.24,4310,0
TSLA,0.53,0.078,0.234,-0.075,0.186,341.79,4763,0
NVDA,0.24,0.043,0.063,-0.077,0.213,450.85,1216,1
TSLA,0.31,0.145,0.175,-0.089,0.276,374.03,1424,1
AMZN,0.44,0.031,0.054,-0.022,0.182,876.9,4020,1
TSLA,0.55,0.023,0.138,-0.082,0.407,833.22,3559,1
MSFT,0.57,0.023,0.118,-0.019,0.294,167.05,4159,1
MSFT,0.3,0.03,0.134,-0.076,0.453,451.42,712,1
TSLA,0.56,0.102,0.212,-0.075,0.298,433.48,2379,0
TSLA,0.41,0.107,0.093,-0.058,0.497,746.12,1851,0
TSLA,0.2,0.038,0.186,-0.053,0.477,846.9,2295,0
NVDA,0.35,0.127,0.215,-0.021,0.483,764.7,2308,0
AMZN,0.51,0.079,0.298,-0.055,0.47,453.58,1687,0
TSLA,0.47,0.016,0.184,-0.062,0.19,505.21,1054,0
TSLA,0.35,0.103,0.213,-0.059,0.313,515.16,2773,0
AAPL,0.41,0.135,0.255,-0.08,0.254,599.44,3536,0
NVDA,0.36,0.104,0.161,-0.073,0.389,118.99,4126,1
AMZN,0.39,0.013,0.171,-0.07,0.312,908.16,1354,0
AMZN,0.07,0.055,0.252,-0.059,0.486,835.48,2818,1
AMZN,0.58,0.039,0.272,-0.016,0.192,246.24,2535,0
AAPL,0.6,0.064,0.257,-0.062,0.303,220.54,4860,0
AMZN,0.78,0.147,0.209,-0.077,0.17,546.65,4283,0
AMZN,0.6,0.12,0.183,-0.014,0.327,934.01,859,1
AMZN,0.22,0.113,0.233,-0.095,0.432,727.4,1252,1
TSLA,0.46,0.089,0.25,-0.097,0.484,198.86,1282,1
TSLA,0.59,0.049,0.188,-0.063,0.437,534.46,4572,0
AAPL,0.45,0.055,0.066,-0.062,0.414,304.33,1565,1
AAPL,0.25,0.108,0.172,-0.061,0.389,341.11,3238,1
NVDA,0.47,0.126,0.083,-0.088,0.242,880.52,3478,0
AAPL,0.18,0.126,0.284,-0.043,0.262,249.43,2887,1
TSLA,0.67,0.149,0.125,-0.015,0.383,739.65,1173,0
NVDA,0.31,0.063,0.138,-0.089,0.375,162.67,4910,0
NVDA,0.24,0.115,0.056,-0.069,0.198,239.45,2826,1
MSFT,0.69,0.136,0.074,-0.087,0.386,710.47,3056,0
AMZN,0.44,0.036,0.076,-0.049,0.195,985.24,3542,0
AMZN,0.66,0.053,0.06,-0.064,0.497,613.46,4723,1
TSLA,0.49,0.08,0.248,-0.091,0.232,272.5,1092,1
AMZN,0.81,0.143,0.251,-0.074,0.296,346.91,1970,0
MSFT,0.56,0.078,0.088,-0.051,0.178,373.79,1700,0
NVDA,0.45,0.056,0.155,-0.084,0.444,331.55,952,1
TSLA,0.72,0.102,0.084,-0.046,0.379,338.14,2602,1
TSLA,0.38,0.028,0.068,-0.013,0.197,515.55,4680,0
TSLA,0.3,0.138,0.289,-0.089,0.337,645.67,4739,0
AAPL,0.28,0.064,0.143,-0.071,0.498,163.32,3078,1
AMZN,0.56,0.105,0.104,-0.085,0.325,450.63,3083,1
AAPL,0.27,0.127,0.133,-0.019,0.457,358.04,2933,0
MSFT,0.31,0.122,0.065,-0.041,0.287,988.37,1685,1
MSFT,0.82,0.093,0.059,-0.078,0.435,858.3,4792,0
TSLA,0.68,0.139,0.24,-0.021,0.365,907.93,3005,1
MSFT,0.45,0.115,0.16,-0.091,0.199,778.74,2361,0
AMZN,0.57,0.024,0.162,-0.029,0.437,485.28,1930,0
AMZN,0.56,0.083,0.206,-0.029,0.186,406.36,4491,1
TSLA,0.33,0.136,0.121,-0.071,0.373,398.59,1553,1
MSFT,0.48,0.136,0.112,-0.047,0.188,315.06,1209,1
TSLA,0.36,0.021,0.228,-0.086,0.156,473.02,4379,0
AAPL,0.57,0.028,0.101,-0.022,0.479,781.45,1916,1
AAPL,0.75,0.023,0.053,-0.057,0.353,687.2,3049,1
AMZN,0.55,0.1,0.102,-0.054,0.417,850.27,1391,0
AAPL,0.72,0.029,0.083,-0.083,0.459,360.99,2298,0
MSFT,0.57,0.033,0.068,-0.024,0.341,556.17,3210,1
MSFT,0.41,0.042,0.157,-0.098,0.191,770.67,1792,0
MSFT,0.74,0.115,0.281,-0.043,0.211,207.86,3516,0
TSLA,0.69,0.021,0.245,-0.064,0.442,695.61,3543,1
NVDA,0.57,0.02,0.237,-0.078,0.254,783.04,806,0
AMZN,0.63,0.053,0.211,-0.034,0.26,583.45,1589,1
MSFT,0.39,0.098,0.071,-0.03,0.434,431.73,3615,0
NVDA,0.41,0.028,0.175,-0.012,0.309,324.2,718,1
NVDA,0.35,0.103,0.236,-0.049,0.447,312.22,3395,0
AAPL,0.4,0.018,0.142,-0.055,0.283,733.98,4405,0
NVDA,0.3,0.098,0.219,-0.082,0.401,421.63,850,1
MSFT,0.36,0.085,0.104,-0.07,0.354,781.71,3199,1
TSLA,0.47,0.035,0.207,-0.069,0.295,203.38,4173,1
NVDA,0.33,0.049,0.165,-0.061,0.443,206.07,2746,1
TSLA,0.43,0.123,0.219,-0.061,0.208,687.47,3074,0
TSLA,0.58,0.05,0.284,-0.047,0.455,633.97,4824,0
AMZN,0.28,0.091,0.28,-0.08,0.395,797.83,2150,1
AAPL,0.56,0.014,0.154,-0.066,0.301,416.97,2406,1
MSFT,0.65,0.094,0.24,-0.094,0.394,261.53,1287,0
MSFT,0.69,0.091,0.259,-0.043,0.427,260.7,1254,0
NVDA,0.48,0.098,0.069,-0.09,0.18,432.27,4202,0
TSLA,0.69,0.027,0.152,-0.035,0.175,632.87,4665,1
AAPL,1.0,0.141,0.268,-0.1,0.35,134.81,3639,0
MSFT,0.31,0.032,0.129,-0.086,0.298,594.92,3596,0
TSLA,0.43,0.116,0.21,-0.018,0.227,882.79,3324,0
AMZN,0.7,0.143,0.222,-0.071,0.171,822.21,4500,1
MSFT,0.58,0.141,0.273,-0.064,0.167,402.87,4272,0
MSFT,0.27,0.128,0.214,-0.043,0.262,535.04,2809,0
NVDA,0.48,0.061,0.069,-0.026,0.42,944.48,2915,1
AAPL,0.4,0.036,0.073,-0.045,0.334,165.7,2021,1
TSLA,0.69,0.127,0.29,-0.032,0.297,148.99,913,0
NVDA,0.55,0.081,0.103,-0.059,0.383,707.53,4952,1
TSLA,0.37,0.066,0.198,-0.021,0.218,243.27,4293,1
NVDA,0.51,0.147,0.063,-0.024,0.35,943.41,2721,0
NVDA,0.31,0.131,0.084,-0.053,0.218,231.58,719,1
TSLA,0.63,0.055,0.065,-0.077,0.401,391.12,3280,1
NVDA,0.69,0.018,0.279,-0.042,0.216,997.49,2404,1
AAPL,0.62,0.147,0.173,-0.076,0.312,995.2,4727,1
AMZN,0.5,0.1,0.223,-0.027,0.492,364.24,3470,1
TSLA,0.3,0.103,0.084,-0.073,0.336,749.6,4125,0
MSFT,0.27,0.038,0.255,-0.099,0.154,652.08,4194,0
AAPL,0.47,0.1,0.159,-0.084,0.171,278.11,2187,0
NVDA,0.52,0.131,0.125,-0.018,0.31,648.67,2512,0
MSFT,0.32,0.068,0.243,-0.072,0.423,446.61,3928,1
AMZN,0.56,0.113,0.167,-0.054,0.327,805.69,3631,0
AAPL,1.0,0.011,0.238,-0.039,0.285,837.63,4887,1
AMZN,0.08,0.149,0.247,-0.012,0.256,224.46,2937,1
AMZN,0.85,0.063,0.287,-0.03,0.468,169.33,3473,1
AAPL,0.8,0.067,0.121,-0.019,0.212,715.48,4678,1
MSFT,0.34,0.114,0.225,-0.02,0.466,621.6,4564,1
MSFT,0.85,0.12,0.056,-0.051,0.381,830.07,2847,0
AMZN,0.34,0.037,0.107,-0.02,0.285,104.68,928,1
AMZN,0.59,0.127,0.06,-0.012,0.282,736.16,3449,1
AMZN,0.64,0.078,0.231,-0.012,0.32,144.14,580,0
NVDA,0.7,0.045,0.197,-0.085,0.211,685.86,3191,0
AAPL,0.73,0.021,0.172,-0.079,0.214,933.67,4803,1
AMZN,0.83,0.088,0.148,-0.079,0.5,858.02,1093,1
MSFT,-0.0,0.057,0.078,-0.078,0.443,174.95,3796,1
MSFT,0.53,0.128,0.068,-0.076,0.39,243.0,4929,0
TSLA,0.29,0.135,0.223,-0.035,0.388,533.51,2395,1
TSLA,0.65,0.081,0.066,-0.015,0.364,923.96,3200,1
NVDA,0.79,0.021,0.291,-0.024,0.172,818.68,978,0
AAPL,0.35,0.021,0.105,-0.072,0.302,714.56,4594,0
TSLA,0.54,0.141,0.054,-0.073,0.471,273.16,3989,1
AAPL,0.63,0.043,0.268,-0.016,0.306,837.7,1971,1
NVDA,0.69,0.118,0.088,-0.065,0.259,605.94,2828,1
TSLA,0.52,0.086,0.126,-0.078,0.218,423.34,3247,1
AMZN,0.14,0.043,0.259,-0.069,0.26,392.7,4311,1
MSFT,0.71,0.016,0.23,-0.012,0.259,503.86,1671,0
TSLA,0.72,0.073,0.282,-0.069,0.426,569.74,3894,1
MSFT,0.52,0.128,0.055,-0.049,0.321,984.93,4498,0
MSFT,0.24,0.045,0.086,-0.018,0.329,783.02,1117,1
AMZN,0.41,0.087,0.133,-0.094,0.46,470.36,4168,0
AMZN,0.49,0.063,0.283,-0.036,0.407,725.22,3873,0
NVDA,0.62,0.075,0.277,-0.058,0.403,503.7,2192,0
AAPL,0.41,0.092,0.152,-0.018,0.323,121.59,3238,1
MSFT,0.76,0.045,0.073,-0.052,0.47,638.64,2227,1
AMZN,0.34,0.039,0.165,-0.013,0.378,795.81,2882,1
AMZN,0.31,0.14,0.111,-0.055,0.245,530.06,1171,0
NVDA,0.32,0.032,0.09,-0.015,0.241,739.47,2171,1
AAPL,0.31,0.128,0.185,-0.054,0.174,836.83,631,0
AAPL,0.37,0.13,0.133,-0.025,0.287,868.37,4374,0
TSLA,0.47,0.083,0.168,-0.044,0.405,411.1,4798,0
AAPL,0.63,0.146,0.227,-0.02,0.372,392.05,1844,1
AAPL,0.53,0.131,0.153,-0.052,0.182,607.8,1555,1
AMZN,0.58,0.132,0.106,-0.049,0.197,655.35,3038,0
TSLA,0.6,0.129,0.18,-0.075,0.381,653.16,730,0
MSFT,0.37,0.097,0.172,-0.034,0.153,783.01,3936,1
NVDA,0.53,0.056,0.196,-0.069,0.265,993.27,3457,1
AMZN,0.73,0.071,0.156,-0.072,0.292,145.24,1445,1
AMZN,0.81,0.147,0.243,-0.019,0.181,817.34,964,0
AAPL,0.43,0.041,0.155,-0.032,0.225,902.6,2762,1
AAPL,0.56,0.063,0.251,-0.011,0.481,560.66,4807,0
AMZN,0.4,0.101,0.268,-0.024,0.437,624.49,770,0
NVDA,0.6,0.106,0.224,-0.077,0.243,860.63,3411,1
MSFT,0.43,0.095,0.175,-0.043,0.471,214.77,1127,0
AAPL,0.33,0.128,0.058,-0.014,0.168,388.41,1504,0
AAPL,0.18,0.091,0.136,-0.074,0.377,484.74,3348,0
MSFT,0.39,0.014,0.225,-0.033,0.201,758.54,2276,0
AMZN,0.33,0.093,0.178,-0.087,0.387,474.94,641,0
AMZN,0.3,0.049,0.219,-0.035,0.173,124.48,3651,0
NVDA,0.65,0.024,0.204,-0.045,0.386,887.31,1180,1
AMZN,0.23,0.083,0.192,-0.069,0.373,139.85,1027,0
TSLA,0.3,0.134,0.095,-0.095,0.313,815.06,992,0
NVDA,0.68,0.039,0.114,-0.088,0.429,884.32,1763,1
AAPL,0.52,0.026,0.137,-0.051,0.395,559.72,1940,1
TSLA,0.46,0.124,0.113,-0.023,0.262,404.01,4455,0
AMZN,0.39,0.102,0.217,-0.078,0.291,940.82,2420,1
TSLA,0.61,0.086,0.157,-0.048,0.292,103.76,3649,0
AAPL,0.14,0.137,0.055,-0.083,0.451,196.12,4705,1
NVDA,0.29,0.09,0.236,-0.034,0.384,951.43,2090,0
NVDA,0.37,0.037,0.238,-0.048,0.159,873.29,2679,0
NVDA,0.26,0.095,0.108,-0.02,0.463,908.28,3019,0
NVDA,0.6,0.1,0.186,-0.01,0.258,757.61,2671,0
AMZN,0.94,0.061,0.219,-0.086,0.342,169.79,4566,1
TSLA,0.55,0.093,0.203,-0.041,0.303,956.85,2625,0
AAPL,0.87,0.146,0.254,-0.04,0.358,113.91,2782,1
AAPL,0.08,0.101,0.194,-0.069,0.335,633.13,1658,1
AAPL,0.22,0.145,0.124,-0.073,0.19,443.91,2223,1
AAPL,0.9,0.096,0.289,-0.046,0.383,715.29,2395,0
TSLA,0.57,0.043,0.266,-0.016,0.48,627.75,1235,1
MSFT,0.2,0.134,0.165,-0.018,0.166,925.37,2324,1
TSLA,0.6,0.12,0.153,-0.043,0.278,472.37,994,0
TSLA,0.69,0.048,0.227,-0.095,0.334,167.39,4845,1
TSLA,0.52,0.087,0.111,-0.08,0.22,674.7,3542,0
TSLA,0.84,0.038,0.269,-0.019,0.177,741.16,3455,1
AMZN,0.63,0.106,0.251,-0.077,0.437,985.48,2396,1
NVDA,0.49,0.071,0.211,-0.06,0.379,490.96,2655,0
AMZN,0.59,0.019,0.204,-0.058,0.315,720.29,3412,1
MSFT,0.44,0.124,0.259,-0.023,0.295,749.9,4020,0
AMZN,0.59,0.109,0.2,-0.095,0.474,949.41,595,0
AAPL,0.69,0.126,0.121,-0.051,0.234,703.13,3117,1
MSFT,0.52,0.104,0.067,-0.012,0.192,396.48,2655,0
AMZN,0.45,0.126,0.218,-0.065,0.315,133.85,3811,0
NVDA,0.3,0.097,0.258,-0.034,0.334,748.49,3660,0
TSLA,0.68,0.026,0.225,-0.07,0.457,290.77,1943,0
NVDA,0.58,0.016,0.162,-0.036,0.42,192.72,3318,1
AMZN,0.8,0.109,0.203,-0.063,0.319,152.29,1431,0
TSLA,0.38,0.092,0.09,-0.027,0.203,997.63,1347,0
AMZN,0.49,0.015,0.205,-0.085,0.404,855.14,4589,0
MSFT,0.52,0.075,0.14,-0.059,0.185,827.29,3413,1
AMZN,0.27,0.106,0.097,-0.089,0.474,737.16,2261,0
TSLA,0.21,0.093,0.286,-0.024,0.377,476.68,3202,0
NVDA,0.75,0.05,0.288,-0.071,0.419,462.2,1637,0
AMZN,0.6,0.128,0.178,-0.067,0.444,500.59,2498,0
AMZN,0.38,0.034,0.052,-0.1,0.174,564.11,1344,1
MSFT,0.19,0.047,0.13,-0.011,0.474,206.82,4620,1
AAPL,0.41,0.06,0.065,-0.016,0.43,315.53,4219,1
NVDA,0.18,0.118,0.06,-0.031,0.245,863.84,949,0
TSLA,0.27,0.107,0.259,-0.064,0.359,711.66,3353,0
AAPL,0.64,0.115,0.053,-0.097,0.231,318.94,2223,0
MSFT,0.85,0.122,0.131,-0.041,0.397,155.35,4856,1
AAPL,0.47,0.012,0.24,-0.099,0.15,153.74,3699,0
AMZN,0.19,0.143,0.183,-0.094,0.248,911.06,2450,1
NVDA,0.34,0.033,0.261,-0.021,0.286,619.98,1418,0
NVDA,0.03,0.015,0.15,-0.057,0.279,533.32,2666,1
AMZN,0.47,0.121,0.112,-0.072,0.246,596.94,1344,1
AAPL,0.73,0.012,0.146,-0.022,0.338,613.99,2942,1
TSLA,0.59,0.047,0.252,-0.03,0.278,176.27,509,1
AMZN,0.52,0.139,0.287,-0.085,0.293,783.65,1707,0
AMZN,0.41,0.09,0.149,-0.051,0.22,257.02,4313,1
NVDA,0.65,0.083,0.063,-0.073,0.354,968.42,2744,1
TSLA,0.42,0.084,0.17,-0.032,0.312,287.74,2708,0
MSFT,0.46,0.01,0.098,-0.033,0.197,764.7,1486,0
AMZN,0.51,0.122,0.076,-0.038,0.45,289.87,950,1
NVDA,0.47,0.131,0.288,-0.094,0.301,123.01,1345,0
TSLA,0.34,0.112,0.212,-0.018,0.28,816.25,1810,0
NVDA,0.73,0.066,0.138,-0.036,0.26,736.09,2827,0
TSLA,0.49,0.092,0.261,-0.032,0.392,760.27,4311,1
MSFT,0.36,0.038,0.189,-0.037,0.2,946.45,1443,1
NVDA,0.19,0.11,0.166,-0.071,0.212,766.06,2449,1
NVDA,0.43,0.119,0.084,-0.064,0.249,145.57,2434,0
NVDA,0.22,0.03,0.15,-0.03,0.421,541.21,4690,0
AAPL,0.73,0.127,0.286,-0.065,0.319,207.57,4097,0
MSFT,0.17,0.057,0.127,-0.015,0.353,574.14,577,1
TSLA,0.54,0.099,0.259,-0.015,0.215,857.05,3582,0
MSFT,1.0,0.059,0.267,-0.044,0.304,527.92,3257,1
AMZN,0.8,0.07,0.12,-0.01,0.32,311.68,2348,0
AMZN,0.19,0.119,0.228,-0.014,0.435,184.5,829,1
AMZN,0.81,0.071,0.069,-0.022,0.49,945.52,1414,1
AMZN,0.65,0.111,0.21,-0.042,0.346,834.53,3987,0
NVDA,0.39,0.049,0.194,-0.018,0.19,278.56,2142,0
AAPL,0.55,0.033,0.233,-0.054,0.466,802.88,3780,1
AMZN,0.79,0.071,0.055,-0.082,0.318,877.65,542,0
AMZN,0.27,0.089,0.128,-0.072,0.163,688.32,4516,1
NVDA,0.61,0.046,0.254,-0.086,0.166,869.81,2019,0
MSFT,0.43,0.064,0.273,-0.068,0.235,652.77,4218,1
AMZN,0.52,0.11,0.157,-0.034,0.488,218.02,1445,1
MSFT,0.37,0.077,0.111,-0.031,0.365,496.4,4462,0
AAPL,0.34,0.067,0.13,-0.078,0.284,231.92,4238,0
NVDA,0.27,0.028,0.162,-0.084,0.27,408.07,1535,0
MSFT,0.24,0.051,0.228,-0.087,0.296,670.8,4099,0
AAPL,0.37,0.071,0.189,-0.044,0.26,733.84,1085,1
AAPL,0.52,0.119,0.086,-0.05,0.422,323.02,936,0
AAPL,0.43,0.03,0.13,-0.082,0.404,890.57,3946,0
AMZN,0.59,0.029,0.206,-0.076,0.424,953.48,943,0
TSLA,0.32,0.058,0.07,-0.055,0.339,809.91,1327,0
TSLA,0.48,0.097,0.105,-0.09,0.199,258.87,3371,0
NVDA,0.23,0.067,0.207,-0.052,0.494,901.5,1830,0
NVDA,0.72,0.099,0.143,-0.057,0.344,834.44,4949,1
NVDA,0.2,0.138,0.245,-0.028,0.24,864.02,2112,1
TSLA,0.71,0.106,0.235,-0.087,0.26,220.67,3844,1
AMZN,0.44,0.036,0.094,-0.016,0.376,549.74,2953,0
TSLA,0.53,0.065,0.108,-0.069,0.432,860.92,2275,1
NVDA,0.58,0.1,0.194,-0.08,0.475,148.63,4050,1
AMZN,0.56,0.056,0.125,-0.065,0.492,716.3,832,0
TSLA,0.4,0.074,0.246,-0.086,0.469,523.94,2929,1
NVDA,0.33,0.099,0.111,-0.062,0.441,506.26,4800,1
AAPL,0.68,0.113,0.262,-0.092,0.349,140.12,2002,1
AAPL,0.42,0.149,0.198,-0.05,0.34,515.41,3953,0
TSLA,0.41,0.072,0.08,-0.035,0.408,678.6,3831,0
MSFT,0.65,0.037,0.085,-0.064,0.268,341.16,3274,0
AAPL,0.39,0.013,0.258,-0.033,0.378,664.68,2326,1
AMZN,0.0,0.074,0.159,-0.063,0.331,882.83,1252,1
TSLA,0.46,0.134,0.082,-0.056,0.18,278.87,2724,1
AAPL,0.64,0.064,0.256,-0.093,0.497,966.38,4629,1
NVDA,0.66,0.073,0.141,-0.024,0.445,565.25,4724,0
AMZN,0.38,0.09,0.175,-0.067,0.219,609.0,2227,1
MSFT,0.17,0.078,0.084,-0.077,0.342,710.39,4317,1
AAPL,0.85,0.131,0.166,-0.057,0.285,271.6,2751,1
AMZN,0.65,0.011,0.254,-0.072,0.424,497.89,930,0
MSFT,0.44,0.046,0.182,-0.02,0.301,994.7,615,1
AAPL,0.61,0.086,0.086,-0.086,0.401,610.78,1790,0
NVDA,0.36,0.145,0.106,-0.042,0.461,652.87,654,0
MSFT,0.52,0.136,0.257,-0.077,0.241,249.33,3796,0
AAPL,0.58,0.102,0.092,-0.083,0.21,241.25,4002,1
NVDA,0.56,0.094,0.197,-0.038,0.152,827.2,4767,1
AMZN,0.48,0.084,0.17,-0.095,0.189,876.11,1444,1
TSLA,0.47,0.04,0.063,-0.01,0.409,771.54,3045,0
AMZN,0.37,0.068,0.202,-0.033,0.243,307.05,1306,1
AMZN,0.66,0.142,0.075,-0.039,0.478,321.28,1512,1
TSLA,0.27,0.046,0.113,-0.099,0.455,813.08,2338,0
TSLA,0.54,0.079,0.129,-0.021,0.474,593.43,2681,0
NVDA,0.55,0.026,0.055,-0.012,0.272,594.05,4335,1
MSFT,0.73,0.063,0.088,-0.085,0.484,714.01,1666,1
AAPL,0.38,0.072,0.184,-0.085,0.375,765.98,1164,0
AMZN,0.59,0.06,0.266,-0.046,0.239,872.71,3229,0
NVDA,0.25,0.073,0.295,-0.039,0.332,303.55,4040,1
NVDA,0.46,0.034,0.172,-0.091,0.379,492.1,3362,1
MSFT,0.64,0.117,0.163,-0.04,0.424,273.7,1831,0
MSFT,1.0,0.012,0.117,-0.025,0.401,665.96,1670,1
AAPL,0.29,0.036,0.117,-0.022,0.499,787.93,4815,0
AMZN,0.34,0.014,0.145,-0.067,0.348,340.35,2414,1
AMZN,0.57,0.039,0.264,-0.073,0.359,880.83,1954,0
AAPL,0.3,0.042,0.28,-0.084,0.269,351.11,4760,1
AAPL,0.05,0.132,0.189,-0.051,0.422,565.1,3993,1
AMZN,0.04,0.102,0.082,-0.037,0.289,616.79,4849,1
AAPL,0.23,0.078,0.287,-0.072,0.159,900.68,4243,1
NVDA,0.63,0.141,0.13,-0.091,0.333,671.74,509,1
MSFT,0.37,0.047,0.164,-0.051,0.353,613.88,4530,0
NVDA,0.56,0.041,0.183,-0.023,0.46,314.68,1611,1
AMZN,0.54,0.116,0.202,-0.018,0.252,422.65,2226,1
TSLA,0.63,0.104,0.152,-0.082,0.331,532.46,2572,0
NVDA,0.39,0.073,0.297,-0.073,0.181,117.64,1868,0
TSLA,0.54,0.053,0.102,-0.041,0.259,712.88,4851,1
MSFT,0.11,0.027,0.22,-0.059,0.475,373.94,3904,1
TSLA,0.49,0.071,0.284,-0.019,0.376,775.46,2330,0
MSFT,0.35,0.025,0.123,-0.087,0.356,445.1,1949,1
NVDA,0.36,0.1,0.247,-0.057,0.368,654.27,1699,1
MSFT,0.35,0.011,0.073,-0.041,0.331,659.65,4407,1
AAPL,0.43,0.063,0.084,-0.027,0.326,319.06,4785,0
NVDA,0.66,0.011,0.123,-0.055,0.31,323.87,3801,1
AAPL,0.64,0.144,0.158,-0.049,0.233,820.53,3293,0
NVDA,0.28,0.06,0.215,-0.046,0.178,965.13,3858,1
TSLA,0.65,0.132,0.087,-0.058,0.434,839.75,3047,0
NVDA,0.59,0.028,0.154,-0.07,0.296,745.22,724,0
TSLA,0.72,0.045,0.091,-0.05,0.283,909.57,742,0
NVDA,0.2,0.06,0.05,-0.018,0.426,625.01,521,0
AMZN,0.59,0.095,0.2,-0.079,0.265,817.31,4968,1
AMZN,0.28,0.052,0.256,-0.097,0.41,947.06,2082,0
MSFT,0.6,0.123,0.253,-0.082,0.296,351.21,3553,1
AMZN,0.54,0.017,0.181,-0.054,0.177,104.61,4503,1
AMZN,0.99,0.095,0.139,-0.069,0.318,177.56,1051,1
NVDA,0.8,0.099,0.206,-0.077,0.324,952.56,3144,0
NVDA,0.58,0.044,0.278,-0.086,0.27,205.04,4740,1
AMZN,0.26,0.123,0.12,-0.065,0.348,476.3,4042,0
AMZN,0.55,0.023,0.056,-0.018,0.306,283.62,1649,0
MSFT,0.42,0.101,0.113,-0.093,0.22,321.57,2202,1
MSFT,1.0,0.027,0.251,-0.03,0.199,179.64,1020,1
TSLA,0.56,0.055,0.069,-0.014,0.366,458.4,3412,1
AMZN,0.08,0.07,0.062,-0.089,0.283,664.63,3235,0
NVDA,0.5,0.127,0.287,-0.017,0.358,216.85,3193,1
AMZN,0.31,0.113,0.186,-0.012,0.471,601.08,4826,1
NVDA,0.42,0.127,0.082,-0.066,0.154,497.48,985,1
NVDA,0.7,0.046,0.156,-0.097,0.433,831.34,2896,0
AMZN,0.52,0.046,0.192,-0.045,0.179,554.3,3888,0
AAPL,0.57,0.125,0.093,-0.037,0.289,402.26,4177,0
TSLA,0.27,0.094,0.201,-0.051,0.389,353.95,4272,1
AAPL,0.52,0.125,0.055,-0.029,0.246,244.44,869,1
TSLA,0.24,0.034,0.261,-0.052,0.354,465.16,2574,1
AMZN,0.13,0.138,0.249,-0.053,0.258,751.76,3515,1
TSLA,0.39,0.068,0.297,-0.018,0.466,976.43,2702,0
AAPL,0.76,0.017,0.094,-0.044,0.268,139.02,2236,1
MSFT,0.42,0.092,0.097,-0.023,0.464,583.23,3420,1
AMZN,0.5,0.087,0.162,-0.05,0.368,336.05,4085,1
MSFT,0.64,0.096,0.283,-0.023,0.43,345.17,3577,1
NVDA,0.61,0.107,0.16,-0.051,0.416,300.37,970,1
MSFT,0.18,0.128,0.292,-0.03,0.214,458.56,1120,0
AMZN,0.46,0.13,0.21,-0.01,0.277,713.69,1837,0
AAPL,0.52,0.094,0.091,-0.044,0.494,374.38,2204,1
AAPL,0.27,0.047,0.292,-0.046,0.462,358.43,2932,0
AMZN,0.53,0.035,0.102,-0.01,0.33,491.7,3881,1
AMZN,0.52,0.145,0.113,-0.079,0.19,124.12,1204,1
TSLA,0.38,0.071,0.285,-0.018,0.399,251.24,4111,1
TSLA,0.74,0.049,0.232,-0.085,0.228,235.66,4548,0
MSFT,0.57,0.055,0.127,-0.021,0.403,201.64,1782,1
TSLA,0.52,0.088,0.077,-0.048,0.429,552.41,859,1
NVDA,0.42,0.098,0.199,-0.028,0.241,635.77,2278,0
TSLA,0.24,0.139,0.128,-0.035,0.155,196.87,854,1
AMZN,0.74,0.069,0.287,-0.018,0.389,413.29,1255,1
NVDA,0.76,0.011,0.154,-0.042,0.393,139.48,1904,1
AMZN,0.61,0.119,0.294,-0.036,0.185,410.72,2040,1
AMZN,-0.12,0.082,0.261,-0.078,0.359,693.31,4712,1
NVDA,0.39,0.074,0.205,-0.056,0.301,310.16,3789,1
NVDA,0.54,0.062,0.234,-0.094,0.295,203.28,4750,1
AMZN,0.72,0.016,0.069,-0.093,0.359,312.69,1162,1
AMZN,0.68,0.068,0.184,-0.096,0.233,520.95,4803,1
NVDA,0.48,0.066,0.097,-0.053,0.466,787.0,584,1
AMZN,0.24,0.094,0.126,-0.045,0.303,533.88,1483,1
NVDA,0.48,0.091,0.253,-0.032,0.462,247.58,2598,1
NVDA,0.72,0.148,0.248,-0.046,0.276,127.81,3918,1
AMZN,0.36,0.095,0.147,-0.039,0.327,586.97,2048,1
NVDA,0.62,0.142,0.221,-0.072,0.464,338.34,748,1
NVDA,0.53,0.144,0.214,-0.045,0.169,474.16,1227,0
AMZN,-0.13,0.089,0.128,-0.058,0.342,467.11,3170,1
MSFT,0.48,0.098,0.276,-0.047,0.178,681.74,4317,0
NVDA,0.71,0.054,0.291,-0.046,0.41,700.2,3151,0
AAPL,0.43,0.06,0.105,-0.018,0.454,372.42,4948,0
TSLA,0.51,0.095,0.21,-0.076,0.368,930.7,1230,1
MSFT,0.07,0.091,0.079,-0.086,0.467,508.67,1459,0
MSFT,0.44,0.078,0.108,-0.042,0.36,239.37,1201,1
TSLA,0.61,0.15,0.131,-0.012,0.37,618.34,3939,1
MSFT,0.68,0.026,0.221,-0.014,0.494,422.68,4539,0
AAPL,0.45,0.12,0.183,-0.057,0.214,418.09,3382,0
TSLA,0.64,0.053,0.161,-0.066,0.314,423.68,4681,1
AMZN,0.62,0.018,0.153,-0.051,0.165,179.19,3777,0
NVDA,0.46,0.033,0.261,-0.035,0.257,890.74,3591,0
TSLA,0.7,0.12,0.087,-0.036,0.415,327.15,1233,1
NVDA,0.36,0.068,0.267,-0.025,0.343,346.35,2221,1
NVDA,0.35,0.025,0.158,-0.095,0.398,802.39,2821,1
MSFT,0.63,0.069,0.264,-0.026,0.312,586.75,3691,0
NVDA,0.76,0.128,0.068,-0.075,0.193,237.84,4245,0
NVDA,0.21,0.056,0.216,-0.093,0.469,980.57,3023,1
TSLA,0.75,0.092,0.267,-0.076,0.226,949.53,4381,0
TSLA,0.24,0.015,0.181,-0.074,0.491,458.92,2565,0
AAPL,0.38,0.074,0.065,-0.079,0.176,497.9,2593,0
AAPL,0.51,0.048,0.28,-0.057,0.301,380.67,3149,1
MSFT,0.4,0.023,0.188,-0.067,0.371,888.94,2130,0
TSLA,0.68,0.037,0.258,-0.049,0.319,561.53,3918,1
TSLA,0.15,0.05,0.117,-0.066,0.367,659.66,4186,0
AMZN,0.43,0.071,0.077,-0.041,0.312,736.17,1252,1
NVDA,0.59,0.054,0.145,-0.082,0.244,745.45,4786,1
AAPL,0.49,0.107,0.237,-0.046,0.496,211.17,2330,1
AAPL,0.58,0.095,0.184,-0.093,0.365,292.51,1768,0
MSFT,0.24,0.101,0.205,-0.015,0.496,205.72,3993,1
NVDA,0.65,0.023,0.191,-0.042,0.23,634.1,4586,1
NVDA,0.9,0.103,0.055,-0.054,0.322,280.34,2519,0
MSFT,0.29,0.124,0.178,-0.045,0.362,574.65,4574,1
NVDA,0.19,0.063,0.286,-0.057,0.224,186.21,4290,0
TSLA,0.52,0.019,0.141,-0.098,0.333,833.83,4424,1
NVDA,0.22,0.077,0.212,-0.05,0.395,702.46,3701,1
TSLA,0.61,0.115,0.142,-0.094,0.258,253.37,650,1
AAPL,0.53,0.078,0.272,-0.032,0.431,141.98,667,0
AAPL,0.36,0.025,0.121,-0.1,0.198,254.99,1815,1
AMZN,0.34,0.106,0.132,-0.063,0.235,909.26,918,0
AAPL,0.42,0.123,0.14,-0.056,0.391,775.37,4296,0
AMZN,0.41,0.04,0.174,-0.017,0.25,611.66,4274,0
AAPL,0.46,0.115,0.21,-0.06,0.329,856.77,3940,0
MSFT,0.51,0.048,0.168,-0.044,0.483,119.28,3115,0
NVDA,0.37,0.045,0.259,-0.048,0.274,665.15,1604,0
AMZN,0.29,0.096,0.054,-0.046,0.236,597.69,873,1
AMZN,0.59,0.038,0.272,-0.026,0.206,642.82,591,1
MSFT,0.57,0.033,0.258,-0.022,0.254,709.24,817,1
NVDA,0.5,0.107,0.203,-0.079,0.333,783.28,4578,0
NVDA,0.49,0.136,0.143,-0.016,0.361,977.58,3238,0
NVDA,0.47,0.096,0.294,-0.08,0.472,411.15,3823,1
NVDA,0.59,0.081,0.087,-0.083,0.46,173.48,3559,0
AMZN,0.36,0.123,0.059,-0.019,0.45,513.59,4688,1
AMZN,0.58,0.071,0.21,-0.03,0.477,445.3,2196,0
NVDA,0.57,0.062,0.102,-0.035,0.222,740.76,3162,0
AMZN,0.47,0.014,0.221,-0.053,0.399,597.92,2045,1
AMZN,0.04,0.013,0.104,-0.034,0.285,374.33,2381,1
NVDA,0.57,0.131,0.061,-0.072,0.363,223.84,4777,1
TSLA,0.29,0.107,0.254,-0.021,0.18,824.22,4906,1
TSLA,0.66,0.123,0.13,-0.051,0.313,240.63,1587,0
NVDA,0.52,0.064,0.222,-0.084,0.494,261.8,3460,0
NVDA,0.79,0.144,0.112,-0.042,0.245,283.59,4417,1
AMZN,0.77,0.14,0.081,-0.074,0.256,832.19,1032,0
MSFT,0.41,0.148,0.246,-0.018,0.382,603.82,590,0
TSLA,0.32,0.024,0.127,-0.011,0.3,774.31,2560,0
AAPL,0.71,0.022,0.124,-0.021,0.268,534.3,1478,1
AAPL,0.61,0.074,0.11,-0.031,0.399,763.77,1746,1
AAPL,0.45,0.013,0.289,-0.065,0.448,157.22,4161,1
AMZN,0.6,0.062,0.285,-0.078,0.282,805.51,623,0
AAPL,-0.12,0.087,0.117,-0.077,0.217,625.64,1016,1
NVDA,0.84,0.014,0.178,-0.079,0.401,477.25,4424,1
TSLA,0.33,0.102,0.164,-0.062,0.467,633.96,3039,1
NVDA,0.68,0.05,0.102,-0.047,0.255,940.27,773,0
AAPL,0.48,0.033,0.238,-0.015,0.357,436.79,3277,1
TSLA,0.28,0.128,0.204,-0.041,0.452,826.67,3698,1
AMZN,0.35,0.126,0.297,-0.091,0.28,134.2,4913,0
TSLA,0.22,0.072,0.179,-0.05,0.477,986.2,4314,0
NVDA,0.36,0.105,0.285,-0.046,0.323,985.21,1258,0
AAPL,0.64,0.051,0.256,-0.098,0.189,214.95,1402,1
AAPL,0.73,0.092,0.076,-0.036,0.355,309.41,3549,1
TSLA,0.19,0.022,0.147,-0.038,0.158,569.49,3091,1
AAPL,0.24,0.035,0.068,-0.041,0.388,910.76,534,0
NVDA,0.47,0.023,0.138,-0.01,0.405,824.32,3911,1
TSLA,0.54,0.126,0.255,-0.015,0.402,643.86,1193,1
NVDA,0.63,0.084,0.226,-0.085,0.178,611.65,2646,1
NVDA,0.38,0.046,0.064,-0.048,0.428,425.72,518,0
AAPL,0.39,0.143,0.249,-0.028,0.302,873.73,4204,1
MSFT,0.48,0.023,0.172,-0.048,0.324,602.19,1436,0
TSLA,0.37,0.082,0.15,-0.071,0.2,613.8,4723,0
AMZN,0.76,0.019,0.202,-0.076,0.22,468.62,1456,1
AMZN,0.56,0.123,0.289,-0.074,0.174,305.15,3335,1
TSLA,0.32,0.106,0.134,-0.025,0.162,549.44,1837,1
MSFT,0.19,0.072,0.061,-0.078,0.165,284.22,4837,1
TSLA,0.58,0.013,0.138,-0.033,0.325,636.57,1063,1
TSLA,0.42,0.03,0.069,-0.044,0.166,283.49,3099,1
NVDA,0.07,0.119,0.087,-0.099,0.198,948.54,3165,0
MSFT,0.6,0.054,0.213,-0.073,0.477,955.33,1532,1
NVDA,0.37,0.07,0.199,-0.02,0.472,182.53,2885,0
AMZN,0.74,0.014,0.201,-0.017,0.284,321.2,3770,1
AAPL,-0.04,0.012,0.103,-0.033,0.445,310.84,1186,0
TSLA,0.32,0.071,0.242,-0.054,0.432,971.68,3266,1
AMZN,0.67,0.045,0.149,-0.05,0.487,478.98,2483,1
AMZN,0.58,0.067,0.153,-0.038,0.35,858.93,4522,1
NVDA,0.25,0.108,0.276,-0.015,0.188,709.55,3098,1
TSLA,0.76,0.063,0.084,-0.037,0.322,610.12,3799,1
AAPL,0.74,0.141,0.232,-0.014,0.3,910.98,2528,0
TSLA,0.62,0.023,0.244,-0.093,0.354,255.21,855,1
TSLA,0.25,0.063,0.28,-0.094,0.366,868.76,2051,0
NVDA,0.34,0.025,0.176,-0.046,0.319,210.79,3255,0
AAPL,0.45,0.012,0.098,-0.079,0.207,560.24,2987,1
TSLA,0.55,0.053,0.189,-0.05,0.159,732.12,4404,0
AMZN,0.53,0.036,0.125,-0.058,0.24,111.88,648,1
AMZN,0.52,0.06,0.223,-0.09,0.295,802.07,2719,1
AMZN,0.03,0.077,0.07,-0.098,0.271,238.18,3010,0
TSLA,0.23,0.03,0.292,-0.056,0.274,257.24,3579,0
AAPL,0.06,0.089,0.262,-0.075,0.231,585.67,2466,0
NVDA,0.47,0.121,0.204,-0.045,0.181,228.59,3934,1
AMZN,0.51,0.089,0.071,-0.043,0.37,478.5,2995,1
TSLA,0.51,0.149,0.117,-0.028,0.248,652.04,1986,1
NVDA,0.64,0.131,0.19,-0.078,0.453,695.6,2864,0
NVDA,0.57,0.139,0.265,-0.083,0.189,606.75,4276,1
AMZN,0.37,0.146,0.185,-0.089,0.364,967.54,3940,0
MSFT,0.76,0.058,0.181,-0.048,0.393,806.24,4827,1
TSLA,0.17,0.036,0.228,-0.044,0.478,472.95,3081,1
TSLA,-0.1,0.085,0.25,-0.097,0.213,107.51,4168,1
AMZN,0.99,0.112,0.096,-0.055,0.211,219.11,2334,0
AAPL,0.44,0.089,0.111,-0.014,0.161,692.67,4848,0
NVDA,0.36,0.138,0.262,-0.044,0.219,337.15,3024,1
NVDA,0.78,0.089,0.084,-0.011,0.478,312.67,3640,1
MSFT,0.7,0.11,0.288,-0.069,0.155,769.38,1770,1
AAPL,0.48,0.117,0.094,-0.041,0.154,309.44,749,1
AAPL,0.52,0.147,0.073,-0.016,0.402,139.09,2932,0
AMZN,0.76,0.083,0.189,-0.064,0.446,146.87,4258,0
TSLA,0.74,0.067,0.199,-0.064,0.158,177.23,1940,0
NVDA,0.65,0.068,0.183,-0.066,0.232,149.99,3733,1
AMZN,0.72,0.047,0.244,-0.08,0.341,362.66,4401,0
AAPL,0.62,0.06,0.106,-0.048,0.485,493.42,4135,0
AAPL,0.72,0.133,0.206,-0.04,0.388,543.04,3505,0
NVDA,0.52,0.058,0.174,-0.059,0.395,675.7,539,0
AMZN,0.19,0.146,0.124,-0.02,0.378,242.99,951,0
TSLA,0.6,0.029,0.254,-0.055,0.355,916.12,4083,0
MSFT,0.5,0.054,0.209,-0.026,0.331,528.99,4579,0
MSFT,0.09,0.141,0.287,-0.056,0.234,739.69,1300,0
TSLA,0.79,0.133,0.275,-0.029,0.367,245.44,2843,1
AAPL,0.11,0.141,0.206,-0.08,0.409,908.88,3551,1
AAPL,0.58,0.1,0.132,-0.1,0.157,577.82,3246,0
MSFT,0.49,0.149,0.177,-0.048,0.27,544.43,4891,0
AAPL,0.17,0.086,0.22,-0.096,0.258,343.99,2775,0
AMZN,0.67,0.095,0.126,-0.045,0.341,872.63,4257,1
MSFT,0.33,0.064,0.114,-0.094,0.389,230.1,3201,1
NVDA,0.39,0.072,0.077,-0.029,0.387,601.41,2758,0
TSLA,0.07,0.091,0.062,-0.021,0.334,500.95,2869,1
AMZN,0.31,0.083,0.224,-0.098,0.414,852.95,3846,1
MSFT,0.52,0.099,0.243,-0.038,0.445,132.59,4739,1
NVDA,0.34,0.048,0.131,-0.015,0.289,876.64,3557,0
MSFT,0.25,0.036,0.292,-0.087,0.165,298.36,1747,1
NVDA,0.68,0.102,0.145,-0.037,0.344,873.1,2763,0
AAPL,0.82,0.109,0.103,-0.082,0.31,188.23,3255,1
MSFT,0.66,0.082,0.06,-0.087,0.494,676.86,3934,0
NVDA,0.39,0.118,0.099,-0.079,0.23,888.07,4212,1
TSLA,0.22,0.11,0.282,-0.011,0.472,146.75,4205,0
MSFT,0.46,0.035,0.246,-0.071,0.325,698.28,4664,0
AMZN,0.72,0.137,0.205,-0.077,0.433,122.98,2842,0
AMZN,0.55,0.101,0.054,-0.023,0.235,200.8,2625,1
AAPL,0.52,0.083,0.107,-0.074,0.382,848.67,4737,0
AMZN,0.19,0.096,0.104,-0.078,0.427,696.56,798,1
MSFT,0.91,0.095,0.21,-0.065,0.174,367.41,2385,0
MSFT,0.51,0.012,0.156,-0.033,0.182,524.9,1474,1
NVDA,0.51,0.082,0.2,-0.019,0.223,961.86,4652,0
MSFT,0.56,0.041,0.134,-0.083,0.269,737.46,4779,1
MSFT,0.61,0.011,0.184,-0.04,0.166,582.72,4643,0
AAPL,0.56,0.137,0.268,-0.022,0.31,292.47,3634,1
NVDA,0.37,0.106,0.1,-0.075,0.443,912.0,836,1
AAPL,0.35,0.139,0.205,-0.016,0.197,538.69,1638,1
AAPL,0.32,0.024,0.178,-0.03,0.157,510.12,2573,1
TSLA,0.47,0.076,0.092,-0.064,0.308,665.59,4657,1
TSLA,0.26,0.019,0.234,-0.011,0.232,826.45,4108,1
AAPL,0.54,0.048,0.202,-0.015,0.422,940.41,2373,1
MSFT,0.27,0.125,0.158,-0.03,0.352,529.76,3287,1
AAPL,0.42,0.04,0.09,-0.077,0.301,893.0,4789,0
AMZN,0.16,0.076,0.211,-0.041,0.438,374.54,1489,0
AAPL,0.23,0.078,0.283,-0.036,0.174,643.88,4762,1
AAPL,-0.15,0.014,0.263,-0.097,0.346,681.45,2171,0
TSLA,0.57,0.063,0.194,-0.091,0.15,570.62,2983,1
AAPL,0.27,0.054,0.182,-0.073,0.248,885.47,3275,1
TSLA,1.0,0.115,0.244,-0.049,0.161,381.39,1799,0
MSFT,0.85,0.104,0.287,-0.099,0.436,369.28,3642,1
MSFT,0.22,0.13,0.271,-0.06,0.238,174.21,4785,0
TSLA,0.11,0.023,0.244,-0.039,0.43,148.73,2376,1
AMZN,0.57,0.055,0.218,-0.018,0.401,646.41,3148,1
AMZN,0.16,0.072,0.154,-0.028,0.172,511.97,2368,0
MSFT,0.6,0.118,0.053,-0.092,0.264,906.53,2600,1
AMZN,0.67,0.116,0.119,-0.068,0.384,593.4,2455,1
AMZN,0.23,0.017,0.086,-0.059,0.197,301.6,1027,0
NVDA,0.88,0.015,0.178,-0.03,0.295,621.89,3866,1
AAPL,0.61,0.15,0.203,-0.099,0.382,537.39,2755,1
NVDA,0.42,0.131,0.087,-0.078,0.406,811.86,4665,0
AAPL,0.36,0.131,0.097,-0.022,0.217,337.2,4854,1
AMZN,0.53,0.082,0.171,-0.089,0.396,227.28,4518,0
AMZN,0.29,0.117,0.235,-0.044,0.495,867.68,4408,1
AMZN,0.42,0.015,0.265,-0.057,0.455,292.53,4545,0
NVDA,0.61,0.094,0.084,-0.056,0.171,311.84,1547,0
NVDA,0.19,0.134,0.205,-0.086,0.207,383.25,961,1
AAPL,0.43,0.127,0.132,-0.073,0.251,397.38,2163,0
TSLA,0.21,0.118,0.168,-0.036,0.22,442.33,2372,1
AAPL,0.3,0.07,0.229,-0.038,0.259,979.28,798,1
MSFT,0.21,0.149,0.226,-0.067,0.477,914.07,4053,1
AMZN,0.54,0.077,0.136,-0.049,0.36,807.46,979,1
AMZN,0.63,0.095,0.242,-0.056,0.311,438.18,4832,0
MSFT,0.64,0.139,0.297,-0.084,0.162,959.97,4851,1
NVDA,0.77,0.143,0.21,-0.04,0.272,887.02,4074,1
AAPL,0.42,0.027,0.244,-0.043,0.194,525.36,1542,1
NVDA,0.65,0.082,0.169,-0.053,0.173,547.03,3976,1
MSFT,0.54,0.054,0.201,-0.059,0.151,961.03,1748,0
MSFT,0.4,0.1,0.258,-0.033,0.277,150.45,507,1
NVDA,0.49,0.141,0.139,-0.067,0.165,685.35,1759,1
MSFT,0.72,0.079,0.226,-0.097,0.246,386.68,1531,0
AAPL,0.57,0.101,0.26,-0.056,0.216,222.79,4073,0
TSLA,0.72,0.106,0.245,-0.081,0.472,541.17,3887,0
NVDA,0.46,0.031,0.125,-0.041,0.244,412.79,662,0
AMZN,0.2,0.113,0.153,-0.093,0.172,799.31,3402,1
NVDA,0.58,0.027,0.249,-0.068,0.235,360.34,1293,1
AAPL,0.67,0.143,0.139,-0.091,0.16,764.82,1598,0
MSFT,0.85,0.086,0.213,-0.097,0.468,225.58,3702,0
AMZN,0.69,0.132,0.212,-0.045,0.231,208.21,3217,0
NVDA,0.58,0.116,0.155,-0.066,0.443,393.03,2591,0
AMZN,0.38,0.089,0.265,-0.07,0.335,617.96,3467,0
MSFT,0.35,0.016,0.293,-0.071,0.168,390.21,1981,1
NVDA,0.36,0.019,0.114,-0.014,0.432,396.15,745,1
TSLA,0.34,0.039,0.276,-0.091,0.461,313.9,2412,0
AMZN,0.46,0.095,0.079,-0.069,0.322,260.74,4010,1
NVDA,0.13,0.106,0.248,-0.013,0.371,352.72,2577,1
TSLA,0.09,0.011,0.125,-0.091,0.195,229.91,2165,1
MSFT,0.7,0.1,0.282,-0.065,0.423,381.82,2953,0
MSFT,0.41,0.1,0.128,-0.04,0.416,368.63,4734,1
AMZN,0.85,0.101,0.079,-0.096,0.202,828.97,3112,1
AMZN,0.44,0.029,0.138,-0.04,0.411,379.12,3880,0
AMZN,0.44,0.145,0.093,-0.081,0.188,782.3,4063,1
MSFT,0.53,0.023,0.061,-0.029,0.313,759.97,2826,1
MSFT,0.42,0.056,0.19,-0.027,0.33,897.03,3849,1
AMZN,0.52,0.106,0.138,-0.1,0.151,242.82,1681,1
AAPL,0.38,0.016,0.288,-0.023,0.394,413.13,1556,1
MSFT,0.75,0.087,0.163,-0.045,0.334,407.41,4353,0
MSFT,0.66,0.028,0.255,-0.073,0.267,772.72,716,0
AAPL,0.51,0.077,0.278,-0.054,0.256,342.95,4054,1
TSLA,0.55,0.09,0.234,-0.076,0.366,753.35,2624,0
TSLA,0.4,0.117,0.206,-0.03,0.388,832.07,3756,0
MSFT,-0.08,0.055,0.293,-0.02,0.429,900.4,1711,0
AMZN,0.53,0.148,0.068,-0.023,0.469,456.06,731,0
AAPL,0.55,0.09,0.191,-0.093,0.275,492.6,3974,1
MSFT,0.41,0.109,0.06,-0.089,0.433,912.94,3897,0
AMZN,0.48,0.117,0.265,-0.089,0.357,392.71,4953,1
NVDA,0.1,0.049,0.27,-0.055,0.208,760.15,981,0
NVDA,0.23,0.064,0.122,-0.081,0.284,196.04,1284,1
AMZN,0.78,0.029,0.285,-0.062,0.19,113.41,4758,0
NVDA,0.24,0.08,0.137,-0.074,0.323,893.16,1362,1
MSFT,0.45,0.08,0.226,-0.097,0.409,731.59,2153,1
AMZN,0.63,0.021,0.098,-0.094,0.475,869.6,4435,1
NVDA,0.54,0.02,0.286,-0.073,0.432,671.91,3681,1
AAPL,0.28,0.088,0.196,-0.033,0.307,573.56,4849,0
NVDA,0.9,0.1,0.212,-0.01,0.275,152.24,4984,0
NVDA,0.56,0.047,0.073,-0.087,0.478,491.89,1716,0
TSLA,0.62,0.125,0.283,-0.03,0.36,838.59,3855,1
MSFT,0.33,0.135,0.279,-0.014,0.298,679.41,4055,1
AAPL,0.48,0.136,0.159,-0.053,0.211,767.3,2881,1
MSFT,0.7,0.104,0.211,-0.038,0.186,511.19,4858,0
TSLA,0.69,0.073,0.096,-0.088,0.36,571.74,3244,1
MSFT,0.75,0.113,0.19,-0.077,0.376,591.71,4025,1
TSLA,0.55,0.143,0.054,-0.077,0.354,287.43,2450,1
AAPL,0.38,0.12,0.131,-0.054,0.196,570.5,3011,0
AAPL,0.63,0.04,0.126,-0.012,0.176,889.89,940,1
AAPL,0.43,0.016,0.172,-0.028,0.418,990.11,4123,0
MSFT,0.58,0.014,0.187,-0.057,0.174,781.81,3395,0
AAPL,-0.07,0.145,0.26,-0.053,0.265,923.55,2250,1
AAPL,0.73,0.054,0.116,-0.041,0.386,949.17,2582,1
NVDA,0.39,0.116,0.22,-0.079,0.265,354.62,3817,1
AAPL,0.19,0.045,0.271,-0.084,0.489,429.34,3924,0
TSLA,0.67,0.049,0.223,-0.06,0.169,721.44,839,1
NVDA,0.27,0.066,0.063,-0.032,0.447,979.2,1724,0
TSLA,0.44,0.085,0.202,-0.064,0.285,729.69,4312,1
AMZN,0.54,0.095,0.128,-0.034,0.414,825.91,2942,0
MSFT,0.41,0.033,0.078,-0.074,0.476,483.82,3858,1
AMZN,0.89,0.021,0.212,-0.095,0.27,108.37,2906,0
NVDA,0.48,0.078,0.29,-0.092,0.324,217.88,2343,1
NVDA,0.28,0.021,0.246,-0.047,0.429,551.15,4465,1
AMZN,0.66,0.026,0.154,-0.047,0.273,243.46,3435,1
AMZN,0.59,0.069,0.069,-0.053,0.15,258.59,3379,1
AAPL,0.31,0.139,0.139,-0.079,0.258,207.94,910,1
AAPL,0.52,0.015,0.25,-0.087,0.417,292.01,4158,1
AAPL,0.51,0.038,0.1,-0.061,0.211,125.59,3316,1
AAPL,0.26,0.032,0.106,-0.088,0.162,814.3,623,0
NVDA,0.55,0.019,0.197,-0.068,0.316,705.17,4962,0
NVDA,0.68,0.058,0.154,-0.096,0.475,219.03,3786,0
NVDA,0.45,0.128,0.236,-0.094,0.251,712.36,3811,0
AAPL,0.51,0.057,0.21,-0.015,0.412,281.39,2916,1
TSLA,0.41,0.021,0.19,-0.085,0.174,611.98,3915,1
AMZN,0.68,0.104,0.126,-0.041,0.287,540.98,1829,1
AMZN,0.59,0.073,0.183,-0.078,0.432,263.09,4670,0
AMZN,0.63,0.042,0.196,-0.047,0.164,992.95,2411,0
TSLA,0.72,0.143,0.289,-0.033,0.37,481.94,1172,0
MSFT,0.41,0.049,0.201,-0.038,0.363,695.54,4055,1
TSLA,0.46,0.099,0.152,-0.085,0.272,294.96,2869,0
NVDA,0.82,0.041,0.061,-0.04,0.197,704.83,622,1
TSLA,0.53,0.109,0.155,-0.079,0.216,402.44,1969,0
MSFT,0.35,0.081,0.119,-0.086,0.216,666.04,1326,0
TSLA,0.73,0.047,0.06,-0.054,0.315,844.47,1364,0
AAPL,0.54,0.113,0.281,-0.096,0.457,518.92,3255,0
AMZN,0.23,0.015,0.154,-0.086,0.281,930.95,621,0
MSFT,0.58,0.144,0.3,-0.084,0.229,744.27,4021,1
TSLA,0.32,0.044,0.163,-0.058,0.392,417.36,2433,1
AMZN,0.85,0.064,0.287,-0.09,0.233,832.1,2811,0
AMZN,0.62,0.026,0.188,-0.088,0.405,119.71,1175,1
MSFT,0.76,0.129,0.144,-0.094,0.198,250.75,2107,0
AMZN,0.36,0.051,0.28,-0.083,0.46,555.4,4211,0
MSFT,0.44,0.089,0.19,-0.019,0.317,233.89,4235,1
NVDA,0.3,0.097,0.164,-0.052,0.468,265.62,2350,0
AMZN,0.65,0.084,0.237,-0.017,0.471,171.5,2686,0
MSFT,0.93,0.111,0.1,-0.098,0.222,184.89,2334,1
AMZN,0.9,0.108,0.147,-0.092,0.159,926.62,3635,0
AAPL,0.44,0.05,0.176,-0.032,0.43,677.83,3606,1
AAPL,0.48,0.134,0.202,-0.028,0.299,247.79,2375,1
MSFT,0.66,0.099,0.189,-0.071,0.383,552.52,4761,1
AMZN,0.23,0.025,0.297,-0.066,0.218,348.81,1147,0
TSLA,0.54,0.115,0.264,-0.096,0.466,846.43,835,0
NVDA,0.45,0.115,0.103,-0.074,0.235,405.08,1702,0
TSLA,0.59,0.065,0.174,-0.041,0.469,106.92,3650,0
AMZN,0.33,0.024,0.271,-0.026,0.412,380.45,1022,1
NVDA,0.12,0.091,0.137,-0.027,0.419,928.44,3175,0
AAPL,0.12,0.138,0.114,-0.047,0.254,672.22,4249,1
AMZN,0.51,0.048,0.064,-0.095,0.235,875.46,4876,0
TSLA,0.55,0.014,0.058,-0.055,0.449,205.05,3841,1
AMZN,0.8,0.142,0.124,-0.081,0.217,996.46,4153,0
MSFT,0.42,0.092,0.295,-0.026,0.186,822.66,3988,0
AMZN,0.51,0.126,0.062,-0.078,0.356,591.55,4327,1
AAPL,0.34,0.066,0.133,-0.09,0.482,356.04,4900,0
NVDA,0.18,0.058,0.173,-0.084,0.222,499.69,4267,1
AAPL,0.87,0.064,0.264,-0.034,0.235,400.56,4742,1
TSLA,0.81,0.015,0.265,-0.074,0.495,999.71,3004,1
AAPL,0.92,0.142,0.255,-0.097,0.239,188.52,2554,0
NVDA,0.18,0.036,0.252,-0.07,0.202,793.54,4605,1
TSLA,0.57,0.078,0.193,-0.098,0.293,495.39,1155,1
AMZN,0.17,0.08,0.184,-0.074,0.416,453.57,2289,1
MSFT,0.21,0.077,0.207,-0.021,0.378,724.75,4044,1
NVDA,0.43,0.087,0.293,-0.011,0.482,504.72,1638,1
